totalTokensSignalled,currentEpoch,totalSupply,id,networkGRTIssuance,epochLength
5.395925323644074e6,853,1.064381148035119e10,1,1.0000000112476417,7200
